<code_scheme name="Default (1)" version="173">
  <option name="RIGHT_MARGIN" value="500" />
  <JSCodeStyleSettings>
    <option name="FORCE_SEMICOLON_STYLE" value="true" />
    <option name="USE_DOUBLE_QUOTES" value="false" />
    <option name="FORCE_QUOTE_STYlE" value="true" />
  </JSCodeStyleSettings>
  <JSON>
    <option name="SPACE_BEFORE_COLON" value="true" />
    <option name="OBJECT_WRAPPING" value="1" />
    <option name="ARRAY_WRAPPING" value="1" />
  </JSON>
  <codeStyleSettings language="JSON">
    <option name="SPACE_BEFORE_COMMA" value="true" />
    <option name="SPACE_WITHIN_BRACKETS" value="true" />
    <option name="SPACE_WITHIN_BRACES" value="true" />
  </codeStyleSettings>
</code_scheme>