<application>
  <component name="com.intellij.ide.ui.customization.CustomActionsSchema">
    <group value="TranslationToolBar" is_group="true" action_type="-1" position="17">
      <path value="root" />
      <path value="Main Toolbar" />
      <option name="myInitialPosition" value="-1" />
    </group>
    <group value="Android.MainToolBarActionGroup" is_group="true" action_type="-1" position="9">
      <path value="root" />
      <path value="Main Toolbar" />
      <option name="myInitialPosition" value="-1" />
    </group>
    <group value="ToolbarFindGroup" is_group="true" action_type="-1" position="4">
      <path value="root" />
      <path value="Main Toolbar" />
      <option name="myInitialPosition" value="-1" />
    </group>
    <group value="Vcs.ShowTabbedFileHistory" is_action="true" action_type="-1" position="4">
      <path value="root" />
      <path value="Main Toolbar" />
      <path value="MainToolBarSettings" />
      <path value="VCS Actions" />
      <option name="myInitialPosition" value="-1" />
    </group>
    <group value="Vcs.Push" is_action="true" action_type="1" position="3">
      <path value="root" />
      <path value="Main Toolbar" />
      <path value="MainToolBarSettings" />
      <path value="VCS Actions" />
      <option name="myInitialPosition" value="-1" />
    </group>
    <group value="Git.Branches" is_action="true" action_type="1" position="4">
      <path value="root" />
      <path value="Main Toolbar" />
      <path value="MainToolBarSettings" />
      <path value="VCS Actions" />
      <option name="myInitialPosition" value="-1" />
    </group>
    <group value="Vcs.ShowTabbedFileHistory" is_action="true" action_type="1" position="7">
      <path value="root" />
      <path value="Main Toolbar" />
      <path value="MainToolBarSettings" />
      <path value="VCS Actions" />
      <option name="myInitialPosition" value="-1" />
    </group>
    <group value="Git.Stash" is_action="true" action_type="1" position="8">
      <path value="root" />
      <path value="Main Toolbar" />
      <path value="MainToolBarSettings" />
      <path value="VCS Actions" />
      <option name="myInitialPosition" value="-1" />
    </group>
    <group value="Git.Unstash" is_action="true" action_type="1" position="9">
      <path value="root" />
      <path value="Main Toolbar" />
      <path value="MainToolBarSettings" />
      <path value="VCS Actions" />
      <option name="myInitialPosition" value="-1" />
    </group>
  </component>
</application>