<application>
  <component name="DefaultFont">
    <option name="FONT_SIZE" value="16" />
    <option name="FONT_FAMILY" value="Bell MT" />
    <option name="LINE_SPACING" value="1.1" />
  </component>
  <component name="EditorSettings">
    <option name="languageBreadcrumbsMap">
      <map>
        <entry key="JAVA" value="true" />
      </map>
    </option>
    <option name="USE_SOFT_WRAPS" value="" />
    <option name="IS_RIGHT_MARGIN_SHOWN" value="false" />
    <option name="IS_WHITESPACES_SHOWN" value="true" />
    <option name="IS_INNER_WHITESPACES_SHOWN" value="false" />
    <option name="IS_TRAILING_WHITESPACES_SHOWN" value="false" />
    <option name="IS_WHEEL_FONTCHANGE_ENABLED" value="true" />
    <option name="PRESELECT_RENAME" value="false" />
    <option name="SHOW_PARAMETER_NAME_HINTS" value="false" />
  </component>
  <component name="XmlEditorOptions">
    <option name="showCssInlineColorPreview" value="true" />
  </component>
</application>