<application>
  <component name="CodeInsightSettings">
    <option name="SHOW_METHOD_CHAIN_TYPES_INLINE" value="false" />
    <option name="PARAMETER_INFO_DELAY" value="0" />
    <option name="COMPLETION_CASE_SENSITIVE" value="2" />
    <option name="SHOW_FULL_SIGNATURES_IN_PARAMETER_INFO" value="true" />
    <option name="REFORMAT_ON_PASTE" value="1" />
    <option name="ADD_IMPORTS_ON_PASTE" value="1" />
    <option name="HIGHLIGHT_SCOPE" value="true" />
    <option name="ADD_UNAMBIGIOUS_IMPORTS_ON_THE_FLY" value="true" />
  </component>
</application>