<application>
  <component name="FileTypeManager" version="17">
    <extensionMap>
      <mapping pattern="说明" type="PLAIN_TEXT" />
      <mapping pattern="算法分类" type="PLAIN_TEXT" />
      <mapping pattern="test" type="PLAIN_TEXT" />
      <mapping pattern="note.txt" type="PLAIN_TEXT" />
      <mapping pattern="算法分类.txt" type="PLAIN_TEXT" />
      <mapping pattern="1-基础概念.md" type="PLAIN_TEXT" />
      <mapping ext="map" type="PLAIN_TEXT" />
      <mapping ext="mqh" type="PLAIN_TEXT" />
      <mapping ext="mq5" type="PLAIN_TEXT" />
      <mapping ext="bak" type="PLAIN_TEXT" />
      <mapping ext="setting" type="PLAIN_TEXT" />
    </extensionMap>
  </component>
</application>