<application>
  <component name="LanguageInjectionConfiguration">
    <injection language="SpEL" injector-id="java">
      <display-name>BuyExpression.BuyExpression (com.wangyaochong.tfp.bean.trade.priceMaker.pro.buyImpl)</display-name>
      <place><![CDATA[psiParameter().ofMethod(1, psiMethod().withName("BuyExpression").withParameters("org.springframework.expression.spel.support.StandardEvaluationContext", "java.lang.String").definedInClass("com.wangyaochong.tfp.bean.trade.priceMaker.pro.buyImpl.BuyExpression"))]]></place>
    </injection>
    <injection language="SpEL" injector-id="java">
      <display-name>BuyExpression.BuyExpression (com.wangyaochong.tfp.bean.trade.priceMaker.pro.buyImpl)</display-name>
      <place><![CDATA[psiParameter().ofMethod(1, psiMethod().withName("BuyExpression").withParameters("org.springframework.expression.spel.support.StandardEvaluationContext", "java.lang.String", "java.lang.String").definedInClass("com.wangyaochong.tfp.bean.trade.priceMaker.pro.buyImpl.BuyExpression"))]]></place>
      <place><![CDATA[psiParameter().ofMethod(2, psiMethod().withName("BuyExpression").withParameters("org.springframework.expression.spel.support.StandardEvaluationContext", "java.lang.String", "java.lang.String").definedInClass("com.wangyaochong.tfp.bean.trade.priceMaker.pro.buyImpl.BuyExpression"))]]></place>
    </injection>
    <injection language="SpEL" injector-id="java">
      <display-name>ExpressionParser.parseExpression (org.springframework.expression)</display-name>
      <place><![CDATA[psiParameter().ofMethod(0, psiMethod().withName("parseExpression").withParameters("java.lang.String").definedInClass("org.springframework.expression.ExpressionParser"))]]></place>
    </injection>
    <injection language="JSON" injector-id="java">
      <display-name>JSON.parse (com.alibaba.fastjson)</display-name>
      <place><![CDATA[psiParameter().ofMethod(0, psiMethod().withName("parse").withParameters("java.lang.String").definedInClass("com.alibaba.fastjson.JSON"))]]></place>
    </injection>
    <injection language="JSON" injector-id="java">
      <display-name>MessageBuilder.withPayload (org.springframework.integration.support)</display-name>
      <place><![CDATA[psiParameter().ofMethod(0, psiMethod().withName("withPayload").withParameters("java.lang.Object").definedInClass("org.springframework.integration.support.MessageBuilder"))]]></place>
    </injection>
    <injection language="HQL" injector-id="java">
      <display-name>Session.createQuery (org.hibernate)</display-name>
      <place><![CDATA[psiParameter().ofMethod(0, psiMethod().withName("createQuery").withParameters("java.lang.String").definedInClass("org.hibernate.Session"))]]></place>
      <place disabled="true"><![CDATA[psiParameter().ofMethod(0, psiMethod().withName("createQuery").withParameters("java.lang.String").definedInClass("org.hibernate.SharedSessionContract"))]]></place>
    </injection>
    <injection language="XML" injector-id="xml">
      <display-name>servlet</display-name>
      <place><![CDATA[xmlTag().withLocalName(string().equalTo("servlet")).withNamespace(string().equalTo("http://java.sun.com/xml/ns/javaee"))]]></place>
    </injection>
    <injection language="XML" injector-id="xml">
      <display-name>servlet-name</display-name>
      <place><![CDATA[xmlTag().withLocalName(string().equalTo("servlet-name")).withNamespace(string().equalTo("http://java.sun.com/xml/ns/javaee"))]]></place>
    </injection>
    <injection language="XML" injector-id="xml">
      <display-name>web-app</display-name>
      <place><![CDATA[xmlTag().withLocalName(string().equalTo("web-app")).withNamespace(string().equalTo("http://java.sun.com/xml/ns/javaee"))]]></place>
    </injection>
    <injection language="file-reference" injector-id="xml">
      <display-name>welcome-file-list</display-name>
      <place><![CDATA[xmlTag().withLocalName(string().equalTo("welcome-file-list")).withNamespace(string().equalTo("http://java.sun.com/xml/ns/javaee"))]]></place>
    </injection>
  </component>
</application>