<application>
  <component name="AppStorage">
    <histories>
      <item value="thymeleaf" />
      <item value="SUFFIX" />
      <item value="spuriously" />
      <item value="dormant" />
      <item value="linewise" />
      <item value="traverse" />
      <item value="Cyclic" />
      <item value="polish" />
      <item value="priority" />
      <item value="Operator" />
      <item value="Operand" />
      <item value="yum" />
      <item value="barista" />
      <item value="fanout" />
      <item value="broker" />
      <item value="proactor" />
      <item value="gutter" />
      <item value="EPHEMERAL" />
    </histories>
    <option name="languageScores">
      <map>
        <entry key="CHINESE" value="20" />
        <entry key="ENGLISH" value="21" />
        <entry key="NORWEGIAN" value="1" />
        <entry key="GREEK" value="2" />
      </map>
    </option>
  </component>
</application>