<keymap version="1" name="Default copy" parent="$default">
  <action id="ActivateFindToolWindow" />
  <action id="Android.TraceViewSearch">
    <keyboard-shortcut first-keystroke="alt f3" />
  </action>
  <action id="Annotate">
    <keyboard-shortcut first-keystroke="shift ctrl a" />
  </action>
  <action id="Arrangement.Alias.Rule.Edit" />
  <action id="Arrangement.Rule.Edit" />
  <action id="Back">
    <keyboard-shortcut first-keystroke="ctrl alt left" />
    <mouse-shortcut keystroke="button4" />
    <keyboard-shortcut first-keystroke="ctrl 1" />
    <keyboard-shortcut first-keystroke="ctrl 2" />
  </action>
  <action id="ChangesView.Rename">
    <keyboard-shortcut first-keystroke="shift f6" />
  </action>
  <action id="CheckinProject" />
  <action id="Compile" />
  <action id="CompileDirty" />
  <action id="Console.Execute" />
  <action id="Console.Execute.Multiline" />
  <action id="Console.Jdbc.Execute" />
  <action id="Console.Jpa.GenerateSql" />
  <action id="Console.TableResult.CloneColumn" />
  <action id="Console.TableResult.EditFilterCriteria" />
  <action id="Console.TableResult.EditValue">
    <keyboard-shortcut first-keystroke="alt enter" />
  </action>
  <action id="Console.TableResult.NavigateAction" />
  <action id="ContextHelp" />
  <action id="CopyAsDiagnosticTest" />
  <action id="CopyAsPlainText">
    <keyboard-shortcut first-keystroke="ctrl alt c" />
  </action>
  <action id="CopyElement" />
  <action id="DSM.OpenInEditor" />
  <action id="DatabaseView.CopyTable" />
  <action id="Debug">
    <keyboard-shortcut first-keystroke="f4" />
  </action>
  <action id="Debugger.EditArrayFilter" />
  <action id="Debugger.EditFrameSource" />
  <action id="DecompileKotlinToJava">
    <keyboard-shortcut first-keystroke="shift ctrl alt j" />
  </action>
  <action id="Diff.ShowSettingsPopup" />
  <action id="DirDiffMenu.SynchronizeDiff" />
  <action id="DirDiffMenu.SynchronizeDiff.All" />
  <action id="DomCollectionControl.Edit" />
  <action id="DomElementsTreeView.DeleteElement">
    <keyboard-shortcut first-keystroke="delete" />
  </action>
  <action id="DomElementsTreeView.GotoDomElementDeclarationAction" />
  <action id="DuplicatesForm.SendToLeft" />
  <action id="DuplicatesForm.SendToRight" />
  <action id="EditSource" />
  <action id="EditorBackSpace">
    <keyboard-shortcut first-keystroke="back_space" />
    <keyboard-shortcut first-keystroke="shift back_space" />
    <keyboard-shortcut first-keystroke="ctrl u" />
  </action>
  <action id="EditorChooseLookupItemCompleteStatement" />
  <action id="EditorCompleteStatement">
    <keyboard-shortcut first-keystroke="ctrl enter" />
  </action>
  <action id="EditorDeleteToWordStart">
    <keyboard-shortcut first-keystroke="ctrl back_space" />
    <keyboard-shortcut first-keystroke="shift ctrl u" />
  </action>
  <action id="EditorDown">
    <keyboard-shortcut first-keystroke="down" />
    <keyboard-shortcut first-keystroke="ctrl k" />
  </action>
  <action id="EditorEscape">
    <keyboard-shortcut first-keystroke="escape" />
    <keyboard-shortcut first-keystroke="back_quote" />
  </action>
  <action id="EditorJoinLines" />
  <action id="EditorLeft">
    <keyboard-shortcut first-keystroke="left" />
    <keyboard-shortcut first-keystroke="ctrl j" />
  </action>
  <action id="EditorLineEnd">
    <keyboard-shortcut first-keystroke="end" />
    <keyboard-shortcut first-keystroke="ctrl semicolon" />
  </action>
  <action id="EditorLineStart">
    <keyboard-shortcut first-keystroke="home" />
    <keyboard-shortcut first-keystroke="ctrl h" />
  </action>
  <action id="EditorNextWord">
    <keyboard-shortcut first-keystroke="ctrl right" />
    <keyboard-shortcut first-keystroke="shift ctrl l" />
  </action>
  <action id="EditorPageDown">
    <keyboard-shortcut first-keystroke="page_down" />
    <keyboard-shortcut first-keystroke="shift ctrl k" />
  </action>
  <action id="EditorPageUp">
    <keyboard-shortcut first-keystroke="page_up" />
    <keyboard-shortcut first-keystroke="shift ctrl i" />
  </action>
  <action id="EditorPreviousWord">
    <keyboard-shortcut first-keystroke="ctrl left" />
    <keyboard-shortcut first-keystroke="shift ctrl j" />
  </action>
  <action id="EditorRight">
    <keyboard-shortcut first-keystroke="right" />
    <keyboard-shortcut first-keystroke="ctrl l" />
  </action>
  <action id="EditorSplitLine" />
  <action id="EditorToggleCase" />
  <action id="EditorUp">
    <keyboard-shortcut first-keystroke="up" />
    <keyboard-shortcut first-keystroke="ctrl i" />
  </action>
  <action id="ExternalSystem.OpenConfig" />
  <action id="FileChooser.GotoHome" />
  <action id="FileChooser.GotoModule" />
  <action id="FileChooser.GotoProject" />
  <action id="Find">
    <keyboard-shortcut first-keystroke="alt f3" />
    <keyboard-shortcut first-keystroke="alt 3" />
    <keyboard-shortcut first-keystroke="ctrl f" />
  </action>
  <action id="FindBugs.CurrentFileAction" />
  <action id="FindInPath">
    <keyboard-shortcut first-keystroke="f1" />
  </action>
  <action id="FindNext" />
  <action id="FindPrevious">
    <keyboard-shortcut first-keystroke="shift f3" />
  </action>
  <action id="Forward">
    <keyboard-shortcut first-keystroke="ctrl alt right" />
    <mouse-shortcut keystroke="button5" />
    <keyboard-shortcut first-keystroke="ctrl 3" />
  </action>
  <action id="Git.Reword.Commit">
    <keyboard-shortcut first-keystroke="shift f6" />
  </action>
  <action id="GotoAction">
    <keyboard-shortcut first-keystroke="shift ctrl enter" />
  </action>
  <action id="GotoBookmark1" />
  <action id="GotoBookmark2" />
  <action id="GotoBookmark3" />
  <action id="GotoDeclaration">
    <mouse-shortcut keystroke="control button1" />
    <mouse-shortcut keystroke="button2" />
  </action>
  <action id="GotoFile">
    <keyboard-shortcut first-keystroke="f2" />
  </action>
  <action id="GotoNextError" />
  <action id="GotoNextIncompletePropertyAction" />
  <action id="GotoSuperMethod" />
  <action id="GotoSymbol" />
  <action id="GotoTest" />
  <action id="GotoTypeDeclaration">
    <keyboard-shortcut first-keystroke="shift ctrl b" />
    <mouse-shortcut keystroke="shift control button1" />
    <keyboard-shortcut first-keystroke="shift ctrl t" />
  </action>
  <action id="Graph.ApplyCurrentLayout" />
  <action id="Graph.Faces.OpenSelectedPages" />
  <action id="Groovy.Shell.Execute" />
  <action id="GuiDesigner.DeleteGroup">
    <keyboard-shortcut first-keystroke="delete" />
  </action>
  <action id="GuiDesigner.EditComponent" />
  <action id="GuiDesigner.EditGroup" />
  <action id="Images.ShowThumbnails" />
  <action id="Images.Thumbnails.EnterAction" />
  <action id="ImplementMethods" />
  <action id="InsertLiveTemplate" />
  <action id="IntroduceConstant" />
  <action id="IntroduceFunctionalParameter" />
  <action id="IntroduceTypeAlias" />
  <action id="Jdbc.OpenEditor" />
  <action id="Jdbc.OpenEditor.DDL">
    <mouse-shortcut keystroke="control button1" />
    <mouse-shortcut keystroke="button2" />
  </action>
  <action id="KotlinShellExecute" />
  <action id="MakeModule">
    <keyboard-shortcut first-keystroke="ctrl b" />
  </action>
  <action id="MethodHierarchy" />
  <action id="MethodHierarchy.ImplementMethodAction" />
  <action id="Move" />
  <action id="NewClass">
    <keyboard-shortcut first-keystroke="shift ctrl alt a" />
  </action>
  <action id="NewDir">
    <keyboard-shortcut first-keystroke="shift ctrl alt d" />
  </action>
  <action id="NewElementInMenuGroup">
    <keyboard-shortcut first-keystroke="shift ctrl alt n" />
  </action>
  <action id="NewHtmlFile">
    <keyboard-shortcut first-keystroke="shift ctrl alt h" />
  </action>
  <action id="NewProject">
    <keyboard-shortcut first-keystroke="shift ctrl n" />
  </action>
  <action id="NewPugFile">
    <keyboard-shortcut first-keystroke="shift ctrl alt p" />
  </action>
  <action id="NewStylesheetFile">
    <keyboard-shortcut first-keystroke="shift ctrl alt s" />
  </action>
  <action id="NewTypeScriptFile">
    <keyboard-shortcut first-keystroke="shift ctrl alt t" />
  </action>
  <action id="NextDiff" />
  <action id="OpenFile">
    <keyboard-shortcut first-keystroke="ctrl o" />
  </action>
  <action id="OpenModuleSettings" />
  <action id="OverrideMethods" />
  <action id="PopupHector" />
  <action id="PropertyInspectorActions.EditValue" />
  <action id="PyExecuteCellAction" />
  <action id="QuickImplementations" />
  <action id="Refactorings.QuickListPopupAction" />
  <action id="RemoteHostView.EditSource" />
  <action id="RenameElement">
    <keyboard-shortcut first-keystroke="alt r" />
  </action>
  <action id="RenameFile">
    <keyboard-shortcut first-keystroke="alt r" />
  </action>
  <action id="Replace">
    <keyboard-shortcut first-keystroke="ctrl f" />
    <keyboard-shortcut first-keystroke="ctrl r" />
  </action>
  <action id="ReplaceInPath" />
  <action id="Run">
    <keyboard-shortcut first-keystroke="f3" />
  </action>
  <action id="RunDashboard.EditConfiguration" />
  <action id="RunDashboard.ShowConfigurations" />
  <action id="Scala.ShowImplicits">
    <keyboard-shortcut first-keystroke="shift ctrl alt equals" />
    <keyboard-shortcut first-keystroke="shift ctrl alt add" />
  </action>
  <action id="ScalaConsole.Execute" />
  <action id="SelectAllOccurrences" />
  <action id="ShelveChanges.UnshelveWithDialog" />
  <action id="ShelvedChanges.Rename">
    <keyboard-shortcut first-keystroke="shift f6" />
  </action>
  <action id="ShowFilePath" />
  <action id="ShowProjectStructureSettings" />
  <action id="ShowRecentTests" />
  <action id="StepInto">
    <keyboard-shortcut first-keystroke="f6" />
  </action>
  <action id="StepOver">
    <keyboard-shortcut first-keystroke="f5" />
  </action>
  <action id="SwitchApply">
    <keyboard-shortcut first-keystroke="shift alt enter" />
  </action>
  <action id="SwitchDown">
    <keyboard-shortcut first-keystroke="shift alt down" />
  </action>
  <action id="SwitchLeft">
    <keyboard-shortcut first-keystroke="shift alt left" />
  </action>
  <action id="SwitchRight">
    <keyboard-shortcut first-keystroke="shift alt right" />
  </action>
  <action id="SwitchUp">
    <keyboard-shortcut first-keystroke="shift alt up" />
  </action>
  <action id="TagDocumentationNavigation" />
  <action id="TypeHierarchy" />
  <action id="UML.ShowChanges" />
  <action id="Uml.ShowDiff" />
  <action id="UsageView.Exclude">
    <keyboard-shortcut first-keystroke="delete" />
  </action>
  <action id="Vcs.EditSource" />
  <action id="Vcs.Push" />
  <action id="ViewSource" />
  <action id="XDebugger.EditWatch" />
  <action id="XDebugger.JumpToSource" />
  <action id="XDebugger.MuteBreakpoints">
    <keyboard-shortcut first-keystroke="alt m" />
  </action>
  <action id="XDebugger.SetValue" />
  <action id="XPathView.Actions.FindByExpression" />
</keymap>